{
  "val_loss": 0.01805076114833355,
  "val_accuracy": 0.99697265625,
  "val_perplexity": 1.0182146608234355,
  "model_name": "attention_mlp_512d",
  "training_time_minutes": 18.534342813491822,
  "parameter_count": 69625088,
  "parameters_millions": 69.625088,
  "total_steps": 10000,
  "checkpoint_every": 3000,
  "eval_every": 100
}