{
  "baseline": {
    "val_loss": 6.398020820617676,
    "val_accuracy": 0.16615478515625,
    "val_perplexity": 600.6550565634519,
    "training_time_minutes": 1.2441572149594624,
    "initial_memory_gb": 0.0,
    "peak_memory_gb": 16.512945152,
    "final_memory_gb": 1.773981696,
    "memory_used_gb": 16.512945152,
    "experiment_name": "baseline",
    "uses_deepseek": false,
    "parameter_count": 438906624,
    "parameters_millions": 438.906624
  },
  "lora": {
    "val_loss": 6.403085613250733,
    "val_accuracy": 0.165369873046875,
    "val_perplexity": 603.7049669310028,
    "training_time_minutes": 1.214398451646169,
    "initial_memory_gb": 0.01703936,
    "peak_memory_gb": 16.51991808,
    "final_memory_gb": 1.774768128,
    "memory_used_gb": 16.502878720000002,
    "experiment_name": "lora",
    "uses_deepseek": true,
    "parameter_count": 427605504,
    "parameters_millions": 427.605504
  },
  "enhanced": {
    "val_loss": 6.4034972620010375,
    "val_accuracy": 0.165355224609375,
    "val_perplexity": 603.9535324835323,
    "training_time_minutes": 1.2247031172116598,
    "initial_memory_gb": 0.01703936,
    "peak_memory_gb": 16.52697088,
    "final_memory_gb": 1.774768128,
    "memory_used_gb": 16.509931520000002,
    "experiment_name": "enhanced",
    "uses_deepseek": true,
    "parameter_count": 444821504,
    "parameters_millions": 444.821504
  }
}