{
  "baseline": {
    "val_loss": 6.4031298732757564,
    "val_accuracy": 0.165672607421875,
    "val_perplexity": 603.7316875192687,
    "training_time_minutes": 1.2981224258740742,
    "initial_memory_gb": 0.0,
    "peak_memory_gb": 16.511600128,
    "final_memory_gb": 1.772670976,
    "memory_used_gb": 16.511600128,
    "experiment_name": "baseline",
    "uses_deepseek": false,
    "parameter_count": 438906624,
    "parameters_millions": 438.906624
  },
  "lora": {
    "val_loss": 6.402014040946961,
    "val_accuracy": 0.165308837890625,
    "val_perplexity": 603.0583998923249,
    "training_time_minutes": 1.2074220101038615,
    "initial_memory_gb": 0.01703936,
    "peak_memory_gb": 16.511550976,
    "final_memory_gb": 1.773457408,
    "memory_used_gb": 16.494511616,
    "experiment_name": "lora",
    "uses_deepseek": true,
    "parameter_count": 427605504,
    "parameters_millions": 427.605504
  },
  "enhanced": {
    "val_loss": 6.402405486106873,
    "val_accuracy": 0.165496826171875,
    "val_perplexity": 603.2945103932485,
    "training_time_minutes": 1.2133424758911133,
    "initial_memory_gb": 0.01703936,
    "peak_memory_gb": 16.510736384,
    "final_memory_gb": 1.773457408,
    "memory_used_gb": 16.493697024000003,
    "experiment_name": "enhanced",
    "uses_deepseek": true,
    "parameter_count": 444821504,
    "parameters_millions": 444.821504
  }
}