{
  "baseline": {
    "val_loss": 10.78049545288086,
    "val_accuracy": 0.0166015625,
    "val_perplexity": 48073.93670928676,
    "model_name": "baseline",
    "training_time_minutes": 0.047938179969787595,
    "parameter_count": 25960192,
    "parameters_millions": 25.960192,
    "test_mode": true,
    "max_steps": 5
  },
  "rmsnorm": {
    "val_loss": 10.779072570800782,
    "val_accuracy": 0.0166015625,
    "val_perplexity": 48005.58180823878,
    "model_name": "rmsnorm",
    "training_time_minutes": 0.029738243420918783,
    "parameter_count": 25960192,
    "parameters_millions": 25.960192,
    "test_mode": true,
    "max_steps": 5
  },
  "mlp": {
    "val_loss": 10.77514419555664,
    "val_accuracy": 0.0166015625,
    "val_perplexity": 47817.36779875562,
    "model_name": "mlp",
    "training_time_minutes": 0.019806261857350668,
    "parameter_count": 15730432,
    "parameters_millions": 15.730432,
    "test_mode": true,
    "max_steps": 5
  },
  "moe": {
    "val_loss": 10.782903289794922,
    "val_accuracy": 0.0166015625,
    "val_perplexity": 48189.83037923509,
    "model_name": "moe",
    "training_time_minutes": 0.033303248882293704,
    "parameter_count": 25960192,
    "parameters_millions": 25.960192,
    "test_mode": true,
    "max_steps": 5
  },
  "attention": {
    "val_loss": 10.795019340515136,
    "val_accuracy": 0.0166015625,
    "val_perplexity": 48777.25223878521,
    "model_name": "attention",
    "training_time_minutes": 0.03411497672398885,
    "parameter_count": 25815232,
    "parameters_millions": 25.815232,
    "test_mode": true,
    "max_steps": 5
  },
  "rmsnorm_mlp": {
    "val_loss": 10.778360557556152,
    "val_accuracy": 0.0166015625,
    "val_perplexity": 47971.41336381112,
    "model_name": "rmsnorm_mlp",
    "training_time_minutes": 0.020261641343434653,
    "parameter_count": 15730432,
    "parameters_millions": 15.730432,
    "test_mode": true,
    "max_steps": 5
  },
  "rmsnorm_moe": {
    "val_loss": 10.773548889160157,
    "val_accuracy": 0.0166015625,
    "val_perplexity": 47741.14526135955,
    "model_name": "rmsnorm_moe",
    "training_time_minutes": 0.0325278639793396,
    "parameter_count": 25960192,
    "parameters_millions": 25.960192,
    "test_mode": true,
    "max_steps": 5
  },
  "mlp_moe": {
    "val_loss": 10.780096244812011,
    "val_accuracy": 0.0166015625,
    "val_perplexity": 48054.749036042886,
    "model_name": "mlp_moe",
    "training_time_minutes": 0.031350481510162356,
    "parameter_count": 25960192,
    "parameters_millions": 25.960192,
    "test_mode": true,
    "max_steps": 5
  },
  "attention_rmsnorm": {
    "val_loss": 10.773491668701173,
    "val_accuracy": 0.0166015625,
    "val_perplexity": 47738.413569270335,
    "model_name": "attention_rmsnorm",
    "training_time_minutes": 0.03226483662923177,
    "parameter_count": 25815232,
    "parameters_millions": 25.815232,
    "test_mode": true,
    "max_steps": 5
  },
  "attention_mlp": {
    "val_loss": 10.788915634155273,
    "val_accuracy": 0.0166015625,
    "val_perplexity": 48480.43697218681,
    "model_name": "attention_mlp",
    "training_time_minutes": 0.02238094409306844,
    "parameter_count": 15585472,
    "parameters_millions": 15.585472,
    "test_mode": true,
    "max_steps": 5
  },
  "attention_moe": {
    "val_loss": 10.783601188659668,
    "val_accuracy": 0.0166015625,
    "val_perplexity": 48223.473745617164,
    "model_name": "attention_moe",
    "training_time_minutes": 0.03305241266886393,
    "parameter_count": 25815232,
    "parameters_millions": 25.815232,
    "test_mode": true,
    "max_steps": 5
  },
  "all_components": {
    "val_loss": 10.779515266418457,
    "val_accuracy": 0.0166015625,
    "val_perplexity": 48026.838373676255,
    "model_name": "all_components",
    "training_time_minutes": 0.033091668287913004,
    "parameter_count": 25815232,
    "parameters_millions": 25.815232,
    "test_mode": true,
    "max_steps": 5
  }
}