{
  "baseline": {
    "val_loss": 2.0591989040374754,
    "val_accuracy": 0.580224609375,
    "val_perplexity": 7.839686952503332,
    "model_name": "baseline",
    "training_time_minutes": 1.723440682888031,
    "parameter_count": 25960192,
    "parameters_millions": 25.960192,
    "test_mode": false,
    "max_steps": 1000
  },
  "rmsnorm": {
    "val_loss": 2.058690333366394,
    "val_accuracy": 0.57939453125,
    "val_perplexity": 7.835700931321476,
    "model_name": "rmsnorm",
    "training_time_minutes": 1.7317328770955405,
    "parameter_count": 25960192,
    "parameters_millions": 25.960192,
    "test_mode": false,
    "max_steps": 1000
  },
  "mlp": {
    "val_loss": 2.3137141704559325,
    "val_accuracy": 0.54677734375,
    "val_perplexity": 10.111912360195856,
    "model_name": "mlp",
    "training_time_minutes": 0.5107355753580729,
    "parameter_count": 15730432,
    "parameters_millions": 15.730432,
    "test_mode": false,
    "max_steps": 1000
  },
  "moe": {
    "val_loss": 2.1135046005249025,
    "val_accuracy": 0.571728515625,
    "val_perplexity": 8.277198787964444,
    "model_name": "moe",
    "training_time_minutes": 1.7109433690706888,
    "parameter_count": 25960192,
    "parameters_millions": 25.960192,
    "test_mode": false,
    "max_steps": 1000
  },
  "attention": {
    "val_loss": 0.035611821711063384,
    "val_accuracy": 0.996484375,
    "val_perplexity": 1.036253517290999,
    "model_name": "attention",
    "training_time_minutes": 1.8677607814470927,
    "parameter_count": 25815232,
    "parameters_millions": 25.815232,
    "test_mode": false,
    "max_steps": 1000
  },
  "rmsnorm_mlp": {
    "val_loss": 2.205839729309082,
    "val_accuracy": 0.560693359375,
    "val_perplexity": 9.077871322756694,
    "model_name": "rmsnorm_mlp",
    "training_time_minutes": 0.5024872740109761,
    "parameter_count": 15730432,
    "parameters_millions": 15.730432,
    "test_mode": false,
    "max_steps": 1000
  },
  "rmsnorm_moe": {
    "val_loss": 2.147532320022583,
    "val_accuracy": 0.558642578125,
    "val_perplexity": 8.563699831024234,
    "model_name": "rmsnorm_moe",
    "training_time_minutes": 1.6957732359568278,
    "parameter_count": 25960192,
    "parameters_millions": 25.960192,
    "test_mode": false,
    "max_steps": 1000
  },
  "mlp_moe": {
    "val_loss": 2.055892562866211,
    "val_accuracy": 0.577734375,
    "val_perplexity": 7.813809076879752,
    "model_name": "mlp_moe",
    "training_time_minutes": 1.7196033795674641,
    "parameter_count": 25960192,
    "parameters_millions": 25.960192,
    "test_mode": false,
    "max_steps": 1000
  },
  "attention_rmsnorm": {
    "val_loss": 0.03437252417206764,
    "val_accuracy": 0.99677734375,
    "val_perplexity": 1.034970086297944,
    "model_name": "attention_rmsnorm",
    "training_time_minutes": 1.8306379397710164,
    "parameter_count": 25815232,
    "parameters_millions": 25.815232,
    "test_mode": false,
    "max_steps": 1000
  },
  "attention_mlp": {
    "val_loss": 0.03636986166238785,
    "val_accuracy": 0.996826171875,
    "val_perplexity": 1.037039336660415,
    "model_name": "attention_mlp",
    "training_time_minutes": 0.6514022866884868,
    "parameter_count": 15585472,
    "parameters_millions": 15.585472,
    "test_mode": false,
    "max_steps": 1000
  },
  "attention_moe": {
    "val_loss": 0.03487554527819157,
    "val_accuracy": 0.996630859375,
    "val_perplexity": 1.0354908290568778,
    "model_name": "attention_moe",
    "training_time_minutes": 1.7758547822634378,
    "parameter_count": 25815232,
    "parameters_millions": 25.815232,
    "test_mode": false,
    "max_steps": 1000
  },
  "all_components": {
    "val_loss": 0.035228459164500237,
    "val_accuracy": 0.9966796875,
    "val_perplexity": 1.035856332641449,
    "model_name": "all_components",
    "training_time_minutes": 1.8121085286140441,
    "parameter_count": 25815232,
    "parameters_millions": 25.815232,
    "test_mode": false,
    "max_steps": 1000
  }
}