{
  "baseline": {
    "val_loss": 6.059567165374756,
    "val_accuracy": 0.183642578125,
    "val_perplexity": 428.1900612589936,
    "model_name": "baseline",
    "training_time_minutes": 0.3028322140375773,
    "parameter_count": 25960192,
    "parameters_millions": 25.960192,
    "test_mode": false,
    "max_steps": 200
  },
  "mlp": {
    "val_loss": 5.980487728118897,
    "val_accuracy": 0.188671875,
    "val_perplexity": 395.63328258329153,
    "model_name": "mlp",
    "training_time_minutes": 0.10756205717722575,
    "parameter_count": 15730432,
    "parameters_millions": 15.730432,
    "test_mode": false,
    "max_steps": 200
  },
  "moe": {
    "val_loss": 5.609470367431641,
    "val_accuracy": 0.222119140625,
    "val_perplexity": 272.99961022362214,
    "model_name": "moe",
    "training_time_minutes": 0.17768272558848064,
    "parameter_count": 114874624,
    "parameters_millions": 114.874624,
    "test_mode": false,
    "max_steps": 200
  },
  "attention": {
    "val_loss": 5.9872184753417965,
    "val_accuracy": 0.186376953125,
    "val_perplexity": 398.30517202049674,
    "model_name": "attention",
    "training_time_minutes": 0.306281050046285,
    "parameter_count": 25815232,
    "parameters_millions": 25.815232,
    "test_mode": false,
    "max_steps": 200
  },
  "attention_mlp": {
    "val_loss": 5.953952598571777,
    "val_accuracy": 0.193701171875,
    "val_perplexity": 385.2731636104822,
    "model_name": "attention_mlp",
    "training_time_minutes": 0.12399818102518717,
    "parameter_count": 15585472,
    "parameters_millions": 15.585472,
    "test_mode": false,
    "max_steps": 200
  },
  "attention_moe": {
    "val_loss": 5.482132816314698,
    "val_accuracy": 0.24287109375,
    "val_perplexity": 240.3588022528028,
    "model_name": "attention_moe",
    "training_time_minutes": 0.18669111331303914,
    "parameter_count": 114729664,
    "parameters_millions": 114.729664,
    "test_mode": false,
    "max_steps": 200
  },
  "all_components": {
    "val_loss": 5.472637939453125,
    "val_accuracy": 0.244287109375,
    "val_perplexity": 238.0874253092123,
    "model_name": "all_components",
    "training_time_minutes": 0.18682203690210977,
    "parameter_count": 114729664,
    "parameters_millions": 114.729664,
    "test_mode": false,
    "max_steps": 200
  }
}