{
  "baseline": {
    "val_loss": 6.059567165374756,
    "val_accuracy": 0.183642578125,
    "val_perplexity": 428.1900612589936,
    "model_name": "baseline",
    "training_time_minutes": 0.3038370649019877,
    "parameter_count": 25960192,
    "parameters_millions": 25.960192,
    "test_mode": false,
    "max_steps": 200
  },
  "mlp": {
    "val_loss": 5.980487728118897,
    "val_accuracy": 0.188671875,
    "val_perplexity": 395.63328258329153,
    "model_name": "mlp",
    "training_time_minutes": 0.10761498212814331,
    "parameter_count": 15730432,
    "parameters_millions": 15.730432,
    "test_mode": false,
    "max_steps": 200
  },
  "moe": {
    "val_loss": 5.609470367431641,
    "val_accuracy": 0.222119140625,
    "val_perplexity": 272.99961022362214,
    "model_name": "moe",
    "training_time_minutes": 0.1779186447461446,
    "parameter_count": 114874624,
    "parameters_millions": 114.874624,
    "test_mode": false,
    "max_steps": 200
  },
  "attention": {
    "val_loss": 5.9872184753417965,
    "val_accuracy": 0.186376953125,
    "val_perplexity": 398.30517202049674,
    "model_name": "attention",
    "training_time_minutes": 0.3123804966608683,
    "parameter_count": 25815232,
    "parameters_millions": 25.815232,
    "test_mode": false,
    "max_steps": 200
  },
  "mlp_moe": {
    "val_loss": 5.602037334442139,
    "val_accuracy": 0.2208984375,
    "val_perplexity": 270.97791807512164,
    "model_name": "mlp_moe",
    "training_time_minutes": 0.17960086663564045,
    "parameter_count": 114874624,
    "parameters_millions": 114.874624,
    "test_mode": false,
    "max_steps": 200
  },
  "attention_mlp": {
    "val_loss": 5.9631329536437985,
    "val_accuracy": 0.19072265625,
    "val_perplexity": 388.82639305094557,
    "model_name": "attention_mlp",
    "training_time_minutes": 0.1257274587949117,
    "parameter_count": 15585472,
    "parameters_millions": 15.585472,
    "test_mode": false,
    "max_steps": 200
  },
  "attention_moe": {
    "val_loss": 5.495856761932373,
    "val_accuracy": 0.2353515625,
    "val_perplexity": 243.68021268046866,
    "model_name": "attention_moe",
    "training_time_minutes": 0.18539568583170574,
    "parameter_count": 114729664,
    "parameters_millions": 114.729664,
    "test_mode": false,
    "max_steps": 200
  },
  "all_components": {
    "val_loss": 5.494688892364502,
    "val_accuracy": 0.235986328125,
    "val_perplexity": 243.39579209118943,
    "model_name": "all_components",
    "training_time_minutes": 0.18735388120015461,
    "parameter_count": 114729664,
    "parameters_millions": 114.729664,
    "test_mode": false,
    "max_steps": 200
  }
}