{
  "baseline": {
    "val_loss": 0.8207375407218933,
    "val_accuracy": 0.8543294270833334,
    "val_perplexity": 2.2721750413112023,
    "model_name": "baseline",
    "training_time_minutes": 2.015251847108205,
    "parameter_count": 25960192,
    "parameters_millions": 25.960192,
    "test_steps": 1500
  },
  "mlp": {
    "val_loss": 1.0477468172709148,
    "val_accuracy": 0.800048828125,
    "val_perplexity": 2.8512195563810407,
    "model_name": "mlp",
    "training_time_minutes": 0.7317119797070821,
    "parameter_count": 15730432,
    "parameters_millions": 15.730432,
    "test_steps": 1500
  },
  "attention": {
    "val_loss": 0.023248817150791485,
    "val_accuracy": 0.996826171875,
    "val_perplexity": 1.0235211774899178,
    "model_name": "attention",
    "training_time_minutes": 2.208200963338216,
    "parameter_count": 25815232,
    "parameters_millions": 25.815232,
    "test_steps": 1500
  },
  "moe_8e_2k": {
    "val_loss": 0.30572041869163513,
    "val_accuracy": 0.9500325520833334,
    "val_perplexity": 1.35760269314677,
    "model_name": "moe_8e_2k",
    "training_time_minutes": 1.2543867031733196,
    "parameter_count": 114874624,
    "parameters_millions": 114.874624,
    "test_steps": 1500
  },
  "moe_4e_2k": {
    "val_loss": 0.33283575375874835,
    "val_accuracy": 0.944580078125,
    "val_perplexity": 1.3949181695873316,
    "model_name": "moe_4e_2k",
    "training_time_minutes": 1.2664631446202597,
    "parameter_count": 114874624,
    "parameters_millions": 114.874624,
    "test_steps": 1500
  },
  "moe_8e_1k": {
    "val_loss": 0.27845852573712665,
    "val_accuracy": 0.9524739583333334,
    "val_perplexity": 1.3210918129506277,
    "model_name": "moe_8e_1k",
    "training_time_minutes": 1.2737208684285481,
    "parameter_count": 114874624,
    "parameters_millions": 114.874624,
    "test_steps": 1500
  },
  "moe_16e_2k": {
    "val_loss": 0.33105265100797016,
    "val_accuracy": 0.9449869791666666,
    "val_perplexity": 1.3924331033846504,
    "model_name": "moe_16e_2k",
    "training_time_minutes": 1.2766717036565145,
    "parameter_count": 114874624,
    "parameters_millions": 114.874624,
    "test_steps": 1500
  },
  "attention_mlp": {
    "val_loss": 0.024666187663873036,
    "val_accuracy": 0.996826171875,
    "val_perplexity": 1.0249729148082027,
    "model_name": "attention_mlp",
    "training_time_minutes": 0.863351047039032,
    "parameter_count": 15585472,
    "parameters_millions": 15.585472,
    "test_steps": 1500
  },
  "attention_moe_8e_2k": {
    "val_loss": 0.024920218313733738,
    "val_accuracy": 0.9972330729166666,
    "val_perplexity": 1.025233322418198,
    "model_name": "attention_moe_8e_2k",
    "training_time_minutes": 1.3149190107981363,
    "parameter_count": 114729664,
    "parameters_millions": 114.729664,
    "test_steps": 1500
  },
  "attention_moe_4e_2k": {
    "val_loss": 0.02408292330801487,
    "val_accuracy": 0.9970703125,
    "val_perplexity": 1.024375258953897,
    "model_name": "attention_moe_4e_2k",
    "training_time_minutes": 1.3181425213813782,
    "parameter_count": 114729664,
    "parameters_millions": 114.729664,
    "test_steps": 1500
  },
  "attention_moe_8e_1k": {
    "val_loss": 0.026705996443827946,
    "val_accuracy": 0.9967447916666666,
    "val_perplexity": 1.027065797373485,
    "model_name": "attention_moe_8e_1k",
    "training_time_minutes": 1.3242783427238465,
    "parameter_count": 114729664,
    "parameters_millions": 114.729664,
    "test_steps": 1500
  },
  "attention_moe_16e_2k": {
    "val_loss": 0.02550536332031091,
    "val_accuracy": 0.9969889322916666,
    "val_perplexity": 1.0258334081288438,
    "model_name": "attention_moe_16e_2k",
    "training_time_minutes": 1.3267692883809408,
    "parameter_count": 114729664,
    "parameters_millions": 114.729664,
    "test_steps": 1500
  },
  "mlp_128d": {
    "val_loss": 3.1339540481567383,
    "val_accuracy": 0.4562174479166667,
    "val_perplexity": 22.96460340657783,
    "model_name": "mlp_128d",
    "training_time_minutes": 0.6892574230829874,
    "parameter_count": 7668608,
    "parameters_millions": 7.668608,
    "test_steps": 1500
  },
  "mlp_256d": {
    "val_loss": 0.9902620514233907,
    "val_accuracy": 0.8162434895833334,
    "val_perplexity": 2.6919398065863036,
    "model_name": "mlp_256d",
    "training_time_minutes": 0.7665143410364786,
    "parameter_count": 15730432,
    "parameters_millions": 15.730432,
    "test_steps": 1500
  },
  "mlp_512d": {
    "val_loss": 0.15367225805918375,
    "val_accuracy": 0.9728190104166666,
    "val_perplexity": 1.1661086414335995,
    "model_name": "mlp_512d",
    "training_time_minutes": 1.045516268412272,
    "parameter_count": 33033728,
    "parameters_millions": 33.033728,
    "test_steps": 1500
  },
  "mlp_1024d": {
    "val_loss": 0.09413870920737584,
    "val_accuracy": 0.981689453125,
    "val_perplexity": 1.0987121368375525,
    "model_name": "mlp_1024d",
    "training_time_minutes": 1.6949094891548158,
    "parameter_count": 72358912,
    "parameters_millions": 72.358912,
    "test_steps": 1500
  },
  "mlp_2048d": {
    "val_loss": 0.09313859790563583,
    "val_accuracy": 0.9816080729166666,
    "val_perplexity": 1.0976138517073721,
    "model_name": "mlp_2048d",
    "training_time_minutes": 3.495823550224304,
    "parameter_count": 169883648,
    "parameters_millions": 169.883648,
    "test_steps": 1500
  },
  "attention_mlp_128d": {
    "val_loss": 0.12127483636140823,
    "val_accuracy": 0.9960123697916666,
    "val_perplexity": 1.1289351421609148,
    "model_name": "attention_mlp_128d",
    "training_time_minutes": 0.7779055953025817,
    "parameter_count": 7732064,
    "parameters_millions": 7.732064,
    "test_steps": 1500
  },
  "attention_mlp_256d": {
    "val_loss": 0.024854208653171856,
    "val_accuracy": 0.9969889322916666,
    "val_perplexity": 1.0251656493481511,
    "model_name": "attention_mlp_256d",
    "training_time_minutes": 0.8442580382029216,
    "parameter_count": 15585472,
    "parameters_millions": 15.585472,
    "test_steps": 1500
  },
  "attention_mlp_512d": {
    "val_loss": 0.018727654591202736,
    "val_accuracy": 0.996826171875,
    "val_perplexity": 1.0189041169686273,
    "model_name": "attention_mlp_512d",
    "training_time_minutes": 1.0477409680684409,
    "parameter_count": 31660928,
    "parameters_millions": 31.660928,
    "test_steps": 1500
  },
  "attention_mlp_1024d": {
    "val_loss": 0.01698270191748937,
    "val_accuracy": 0.9969075520833334,
    "val_perplexity": 1.0171277278137059,
    "model_name": "attention_mlp_1024d",
    "training_time_minutes": 1.5750214219093324,
    "parameter_count": 65286400,
    "parameters_millions": 65.2864,
    "test_steps": 1500
  },
  "attention_mlp_2048d": {
    "val_loss": 0.01747511389354865,
    "val_accuracy": 0.9969075520833334,
    "val_perplexity": 1.0176286970195592,
    "model_name": "attention_mlp_2048d",
    "training_time_minutes": 2.8701884150505066,
    "parameter_count": 138435584,
    "parameters_millions": 138.435584,
    "test_steps": 1500
  },
  "attention_moe_8e_2k_256d": {
    "val_loss": 0.025061573833227158,
    "val_accuracy": 0.9970703125,
    "val_perplexity": 1.0253782550503627,
    "model_name": "attention_moe_8e_2k_256d",
    "training_time_minutes": 1.2984820326169333,
    "parameter_count": 114729664,
    "parameters_millions": 114.729664,
    "test_steps": 1500
  },
  "attention_moe_8e_2k_512d": {
    "val_loss": 0.018915534019470215,
    "val_accuracy": 0.9970703125,
    "val_perplexity": 1.019095566075694,
    "model_name": "attention_moe_8e_2k_512d",
    "training_time_minutes": 1.8730301260948181,
    "parameter_count": 231522176,
    "parameters_millions": 231.522176,
    "test_steps": 1500
  },
  "attention_moe_8e_2k_1024d": {
    "val_loss": 0.016551954050858814,
    "val_accuracy": 0.9970703125,
    "val_perplexity": 1.016689696562146,
    "model_name": "attention_moe_8e_2k_1024d",
    "training_time_minutes": 3.147394772370656,