{
  "baseline": {
    "val_loss": 2.8548994859059653,
    "val_accuracy": 0.4097493489583333,
    "val_perplexity": 17.37269091960572,
    "model_name": "baseline",
    "training_time_minutes": 0.9648695111274719,
    "parameter_count": 53493248,
    "parameters_millions": 53.493248,
    "test_steps": 600
  },
  "mlp_512d": {
    "val_loss": 2.764019171396891,
    "val_accuracy": 0.4332682291666667,
    "val_perplexity": 15.863473009519256,
    "model_name": "mlp_512d",
    "training_time_minutes": 0.38637837568918865,
    "parameter_count": 37752320,
    "parameters_millions": 37.75232,
    "test_steps": 600
  },
  "attention_mlp_512d": {
    "val_loss": 0.08250228563944499,
    "val_accuracy": 0.99560546875,
    "val_perplexity": 1.0860011556432985,
    "model_name": "attention_mlp_512d",
    "training_time_minutes": 0.4780551830927531,
    "parameter_count": 36281024,
    "parameters_millions": 36.281024,
    "test_steps": 600
  },
  "moe_4e_2k_512d": {
    "val_loss": 2.585465749104818,
    "val_accuracy": 0.47119140625,
    "val_perplexity": 13.26946789376311,
    "model_name": "moe_4e_2k_512d",
    "training_time_minutes": 0.6516479293505351,
    "parameter_count": 232894976,
    "parameters_millions": 232.894976,
    "test_steps": 600
  },
  "moe_8e_2k_512d": {
    "val_loss": 2.483609120051066,
    "val_accuracy": 0.489501953125,
    "val_perplexity": 11.984439740289714,
    "model_name": "moe_8e_2k_512d",
    "training_time_minutes": 0.6559025764465332,
    "parameter_count": 232894976,
    "parameters_millions": 232.894976,
    "test_steps": 600
  },
  "moe_16e_2k_512d": {
    "val_loss": 2.5395729541778564,
    "val_accuracy": 0.4839680989583333,
    "val_perplexity": 12.674257326339031,
    "model_name": "moe_16e_2k_512d",
    "training_time_minutes": 0.6571253657341003,
    "parameter_count": 232894976,
    "parameters_millions": 232.894976,
    "test_steps": 600
  },
  "attention_moe_4e_2k_512d": {
    "val_loss": 0.0637417882680893,
    "val_accuracy": 0.9965006510416666,
    "val_perplexity": 1.0658171567337338,
    "model_name": "attention_moe_4e_2k_512d",
    "training_time_minutes": 0.6733059604962667,
    "parameter_count": 231423680,
    "parameters_millions": 231.42368,
    "test_steps": 600
  },
  "attention_moe_8e_2k_512d": {
    "val_loss": 0.08001335958639781,
    "val_accuracy": 0.9962565104166666,
    "val_perplexity": 1.083301540038805,
    "model_name": "attention_moe_8e_2k_512d",
    "training_time_minutes": 0.6697624127070109,
    "parameter_count": 231423680,
    "parameters_millions": 231.42368,
    "test_steps": 600
  },
  "attention_moe_16e_2k_512d": {
    "val_loss": 0.08380384494860967,
    "val_accuracy": 0.9951985677083334,
    "val_perplexity": 1.0874155708301414,
    "model_name": "attention_moe_16e_2k_512d",
    "training_time_minutes": 0.6702832102775573,
    "parameter_count": 231423680,
    "parameters_millions": 231.42368,
    "test_steps": 600
  }
}