{
  "baseline": {
    "val_loss": 0.12034256259600322,
    "val_accuracy": 0.9774576822916666,
    "val_perplexity": 1.1278831559907814,
    "model_name": "baseline",
    "training_time_minutes": 2.3273964047431948,
    "parameter_count": 53493248,
    "parameters_millions": 53.493248,
    "test_steps": 1500
  },
  "mlp_512d": {
    "val_loss": 0.15076199173927307,
    "val_accuracy": 0.9722493489583334,
    "val_perplexity": 1.1627198882080636,
    "model_name": "mlp_512d",
    "training_time_minutes": 0.9285812457402547,
    "parameter_count": 37752320,
    "parameters_millions": 37.75232,
    "test_steps": 1500
  },
  "attention_mlp_512d": {
    "val_loss": 0.017361908840636413,
    "val_accuracy": 0.9970703125,
    "val_perplexity": 1.0175135028294733,
    "model_name": "attention_mlp_512d",
    "training_time_minutes": 1.123002330462138,
    "parameter_count": 36281024,
    "parameters_millions": 36.281024,
    "test_steps": 1500
  },
  "moe_4e_2k_512d": {
    "val_loss": 0.09954407066106796,
    "val_accuracy": 0.98046875,
    "val_perplexity": 1.10466715307891,
    "model_name": "moe_4e_2k_512d",
    "training_time_minutes": 1.586119258403778,
    "parameter_count": 232894976,
    "parameters_millions": 232.894976,
    "test_steps": 1500
  },
  "moe_8e_2k_512d": {
    "val_loss": 0.10677919040123622,
    "val_accuracy": 0.980224609375,
    "val_perplexity": 1.1126885350427471,
    "model_name": "moe_8e_2k_512d",
    "training_time_minutes": 1.5911343336105346,
    "parameter_count": 232894976,
    "parameters_millions": 232.894976,
    "test_steps": 1500
  },
  "moe_16e_2k_512d": {
    "val_loss": 0.09894472112258275,
    "val_accuracy": 0.98095703125,
    "val_perplexity": 1.1040052697000946,
    "model_name": "moe_16e_2k_512d",
    "training_time_minutes": 1.592821236451467,
    "parameter_count": 232894976,
    "parameters_millions": 232.894976,
    "test_steps": 1500
  },
  "attention_moe_4e_2k_512d": {
    "val_loss": 0.01754111796617508,
    "val_accuracy": 0.9971516927083334,
    "val_perplexity": 1.0176958668747016,
    "model_name": "attention_moe_4e_2k_512d",
    "training_time_minutes": 1.621252954006195,
    "parameter_count": 231423680,
    "parameters_millions": 231.42368,
    "test_steps": 1500
  },
  "attention_moe_8e_2k_512d": {
    "val_loss": 0.01913449726998806,
    "val_accuracy": 0.996826171875,
    "val_perplexity": 1.0193187349854334,
    "model_name": "attention_moe_8e_2k_512d",
    "training_time_minutes": 1.618275781472524,
    "parameter_count": 231423680,
    "parameters_millions": 231.42368,
    "test_steps": 1500
  },
  "attention_moe_16e_2k_512d": {
    "val_loss": 0.019413506612181664,
    "val_accuracy": 0.9970703125,
    "val_perplexity": 1.019603174113909,
    "model_name": "attention_moe_16e_2k_512d",
    "training_time_minutes": 1.6206509629885355,
    "parameter_count": 231423680,
    "parameters_millions": 231.42368,
    "test_steps": 1500
  }
}