{
  "baseline": {
    "val_loss": 10.29775365193685,
    "val_accuracy": 0.015543619791666666,
    "val_perplexity": 29665.904002560277,
    "model_name": "baseline",
    "training_time_minutes": 0.06568963130315145,
    "parameter_count": 25960192,
    "parameters_millions": 25.960192,
    "test_steps": 20
  },
  "mlp": {
    "val_loss": 10.235904057820639,
    "val_accuracy": 0.015543619791666666,
    "val_perplexity": 27886.66949695597,
    "model_name": "mlp",
    "training_time_minutes": 0.022346103191375734,
    "parameter_count": 15730432,
    "parameters_millions": 15.730432,
    "test_steps": 20
  },
  "attention": {
    "val_loss": 9.894076347351074,
    "val_accuracy": 0.015543619791666666,
    "val_perplexity": 19812.65883212827,
    "model_name": "attention",
    "training_time_minutes": 0.047252750396728514,
    "parameter_count": 25815232,
    "parameters_millions": 25.815232,
    "test_steps": 20
  },
  "moe_8e_2k": {
    "val_loss": 9.674099604288736,
    "val_accuracy": 0.047281901041666664,
    "val_perplexity": 15900.40094073363,
    "model_name": "moe_8e_2k",
    "training_time_minutes": 0.029369135697682697,
    "parameter_count": 114874624,
    "parameters_millions": 114.874624,
    "test_steps": 20
  },
  "moe_4e_2k": {
    "val_loss": 9.748223622639975,
    "val_accuracy": 0.045735677083333336,
    "val_perplexity": 17123.783474812804,
    "model_name": "moe_4e_2k",
    "training_time_minutes": 0.03041467269261678,
    "parameter_count": 114874624,
    "parameters_millions": 114.874624,
    "test_steps": 20
  },
  "moe_8e_1k": {
    "val_loss": 9.694499333699545,
    "val_accuracy": 0.049235026041666664,
    "val_perplexity": 16228.095897591751,
    "model_name": "moe_8e_1k",
    "training_time_minutes": 0.030211551984151205,
    "parameter_count": 114874624,
    "parameters_millions": 114.874624,
    "test_steps": 20
  },
  "moe_16e_2k": {
    "val_loss": 9.725919723510742,
    "val_accuracy": 0.043050130208333336,
    "val_perplexity": 16746.084077629694,
    "model_name": "moe_16e_2k",
    "training_time_minutes": 0.029978740215301513,
    "parameter_count": 114874624,
    "parameters_millions": 114.874624,
    "test_steps": 20
  },
  "attention_mlp": {
    "val_loss": 9.949570020039877,
    "val_accuracy": 0.015543619791666666,
    "val_perplexity": 20943.21528260929,
    "model_name": "attention_mlp",
    "training_time_minutes": 0.024674685796101888,
    "parameter_count": 15585472,
    "parameters_millions": 15.585472,
    "test_steps": 20
  },
  "attention_moe_8e_2k": {
    "val_loss": 9.721413612365723,
    "val_accuracy": 0.039469401041666664,
    "val_perplexity": 16670.7941213846,
    "model_name": "attention_moe_8e_2k",
    "training_time_minutes": 0.03142830530802409,
    "parameter_count": 114729664,
    "parameters_millions": 114.729664,
    "test_steps": 20
  },
  "attention_moe_4e_2k": {
    "val_loss": 9.688112258911133,
    "val_accuracy": 0.06526692708333333,
    "val_perplexity": 16124.776142164334,
    "model_name": "attention_moe_4e_2k",
    "training_time_minutes": 0.032209233442942305,
    "parameter_count": 114729664,
    "parameters_millions": 114.729664,
    "test_steps": 20
  },
  "attention_moe_8e_1k": {
    "val_loss": 9.65377108256022,
    "val_accuracy": 0.06990559895833333,
    "val_perplexity": 15580.432555655325,
    "model_name": "attention_moe_8e_1k",
    "training_time_minutes": 0.031490671634674075,
    "parameter_count": 114729664,
    "parameters_millions": 114.729664,
    "test_steps": 20
  },
  "attention_moe_16e_2k": {
    "val_loss": 9.70382022857666,
    "val_accuracy": 0.040283203125,
    "val_perplexity": 16380.063409880779,
    "model_name": "attention_moe_16e_2k",
    "training_time_minutes": 0.03171880642573039,
    "parameter_count": 114729664,
    "parameters_millions": 114.729664,
    "test_steps": 20
  },
  "attention_moe_8e_2k_256d": {
    "val_loss": 9.640546798706055,
    "val_accuracy": 0.06722005208333333,
    "val_perplexity": 15375.74887346897,
    "model_name": "attention_moe_8e_2k_256d",
    "training_time_minutes": 0.03170327345530192,
    "parameter_count": 114729664,
    "parameters_millions": 114.729664,
    "test_steps": 20
  },
  "attention_moe_8e_2k_512d": {
    "val_loss": 8.95861562093099,
    "val_accuracy": 0.043782552083333336,
    "val_perplexity": 7774.587033162336,
    "model_name": "attention_moe_8e_2k_512d",
    "training_time_minutes": 0.03982412020365397,
    "parameter_count": 231522176,
    "parameters_millions": 231.522176,
    "test_steps": 20
  },
  "attention_moe_8e_2k_1024d": {
    "val_loss": 9.015358924865723,
    "val_accuracy": 0.06819661458333333,
    "val_perplexity": 8228.499241581536,
    "model_name": "attention_moe_8e_2k_1024d",
    "training_time_minutes": 0.057592713832855226,
    "parameter_count": 471300352,
    "parameters_millions": 471.300352,
    "test_steps": 20
  },
  "attention_moe_4e_2k_512d": {
    "val_loss": 8.984246253967285,
    "val_accuracy": 0.042236328125,
    "val_perplexity": 7976.430255593462,
    "model_name": "attention_moe_4e_2k_512d",
    "training_time_minutes": 0.04013075828552246,
    "parameter_count": 231522176,
    "parameters_millions": 231.522176,
    "test_steps": 20
  },
  "attention_moe_16e_2k_512d": {
    "val_loss": 9.035843213399252,
    "val_accuracy": 0.038655598958333336,
    "val_perplexity": 8398.792406780698,
    "model_name": "attention_moe_16e_2k_512d",
    "training_time_minutes": 0.04052865902582804,
    "parameter_count": 231522176,
    "parameters_millions": 231.522176,
    "test_steps": 20
  },
  "attention_moe_8e_2k_3layers": {
    "val_loss": 8.938440322875977,
    "val_accuracy": 0.03955078125,
    "val_perplexity": 7619.304129144035,
    "model_name": "attention_moe_8e_2k_3layers",
    "training_time_minutes": 0.0406377633412679,
    "parameter_count": 231522176,
    "parameters_millions": 231.522176,
    "test_steps": 20
  },
  "attention_moe_8e_2k_6layers": {
    "val_loss": 8.626851717631022,
    "val_accuracy": 0.11376953125,
    "val_perplexity": 5579.48477917414,
    "model_name": "attention_moe_8e_2k_6layers",
    "training_time_minutes": 0.05784995555877685,
    "parameter_count": 437878016,
    "parameters_millions": 437.878016,
    "test_steps": 20
  },
  "attention_moe_8e_2k_no_rope": {
    "val_loss": 8.631830851236979,
    "val_accuracy": 0.11116536458333333,
    "val_perplexity": 5607.33505693089,
    "model_name": "attention_moe_8e_2k_no_rope",
    "training_time_minutes": 0.059208786487579344,
    "parameter_count": 437878016,
    "parameters_millions": 437.878016,
    "test_steps": 20
  },
  "attention_moe_8e_2k_no_bias": {
    "val_loss": 8.686339060465494,
    "val_accuracy": 0.105712890625,
    "val_perplexity": 5921.464390005881,
    "model_name": "attention_moe_8e_2k_no_bias",
    "training_time_minutes": 0.059341800212860105,
    "parameter_count": 437872640,
    "parameters_millions": 437.87264,
    "test_steps": 20
  },
  "standard_moe_8e_2k": {
    "val_loss": 8.728604634602865,
    "val_accuracy": 0.09781901041666667,
    "val_perplexity": 6177.1027793833955,
    "model_name": "standard_moe_8e_2k",
    "training_time_minutes": 0.059541932741800946,
    "parameter_count": 440623616,
    "parameters_millions": 440.623616,
    "test_steps": 20
  }
}