{
  "baseline": {
    "val_loss": 7.139168898264567,
    "val_accuracy": 0.10042317708333333,
    "val_perplexity": 1260.3804493076086,
    "model_name": "baseline",
    "training_time_minutes": 0.18521811962127685,
    "parameter_count": 25960192,
    "parameters_millions": 25.960192,
    "test_steps": 100
  },
  "mlp": {
    "val_loss": 7.187276840209961,
    "val_accuracy": 0.09130859375,
    "val_perplexity": 1322.4969271450723,
    "model_name": "mlp",
    "training_time_minutes": 0.07161519130071005,
    "parameter_count": 15730432,
    "parameters_millions": 15.730432,
    "test_steps": 100
  },
  "attention": {
    "val_loss": 7.171830972035726,
    "val_accuracy": 0.09334309895833333,
    "val_perplexity": 1302.2267620905616,
    "model_name": "attention",
    "training_time_minutes": 0.17586711645126343,
    "parameter_count": 25815232,
    "parameters_millions": 25.815232,
    "test_steps": 100
  },
  "moe_8e_2k": {
    "val_loss": 6.9059092203776045,
    "val_accuracy": 0.12630208333333334,
    "val_perplexity": 998.1556443135963,
    "model_name": "moe_8e_2k",
    "training_time_minutes": 0.10816625356674195,
    "parameter_count": 114874624,
    "parameters_millions": 114.874624,
    "test_steps": 100
  },
  "moe_4e_2k": {
    "val_loss": 6.883263270060222,
    "val_accuracy": 0.13167317708333334,
    "val_perplexity": 975.8054866250902,
    "model_name": "moe_4e_2k",
    "training_time_minutes": 0.10989599227905274,
    "parameter_count": 114874624,
    "parameters_millions": 114.874624,
    "test_steps": 100
  },
  "moe_8e_1k": {
    "val_loss": 6.866302967071533,
    "val_accuracy": 0.13785807291666666,
    "val_perplexity": 959.3950859692096,
    "model_name": "moe_8e_1k",
    "training_time_minutes": 0.11010098457336426,
    "parameter_count": 114874624,
    "parameters_millions": 114.874624,
    "test_steps": 100
  },
  "moe_16e_2k": {
    "val_loss": 6.883332888285319,
    "val_accuracy": 0.138671875,
    "val_perplexity": 975.8734228358815,
    "model_name": "moe_16e_2k",
    "training_time_minutes": 0.11066947778066,
    "parameter_count": 114874624,
    "parameters_millions": 114.874624,
    "test_steps": 100
  },
  "attention_mlp": {
    "val_loss": 7.168363889058431,
    "val_accuracy": 0.088623046875,
    "val_perplexity": 1297.7196516289896,
    "model_name": "attention_mlp",
    "training_time_minutes": 0.08342501719792685,
    "parameter_count": 15585472,
    "parameters_millions": 15.585472,
    "test_steps": 100
  },
  "attention_moe_8e_2k": {
    "val_loss": 6.907547950744629,
    "val_accuracy": 0.13956705729166666,
    "val_perplexity": 999.7926932535056,
    "model_name": "attention_moe_8e_2k",
    "training_time_minutes": 0.1146072546641032,
    "parameter_count": 114729664,
    "parameters_millions": 114.729664,
    "test_steps": 100
  },
  "attention_moe_4e_2k": {
    "val_loss": 6.887914339701335,
    "val_accuracy": 0.13753255208333334,
    "val_perplexity": 980.3545968130121,
    "model_name": "attention_moe_4e_2k",
    "training_time_minutes": 0.11425546010335287,
    "parameter_count": 114729664,
    "parameters_millions": 114.729664,
    "test_steps": 100
  },
  "attention_moe_8e_1k": {
    "val_loss": 6.984173933664958,
    "val_accuracy": 0.13671875,
    "val_perplexity": 1079.414381460566,
    "model_name": "attention_moe_8e_1k",
    "training_time_minutes": 0.11426822344462077,
    "parameter_count": 114729664,
    "parameters_millions": 114.729664,
    "test_steps": 100
  },
  "attention_moe_16e_2k": {
    "val_loss": 6.910861651102702,
    "val_accuracy": 0.139404296875,
    "val_perplexity": 1003.1112018941706,
    "model_name": "attention_moe_16e_2k",
    "training_time_minutes": 0.11403198639551798,
    "parameter_count": 114729664,
    "parameters_millions": 114.729664,
    "test_steps": 100
  },
  "mlp_128d": {
    "val_loss": 8.263198852539062,
    "val_accuracy": 0.07869466145833333,
    "val_perplexity": 3878.4809667273585,
    "model_name": "mlp_128d",
    "training_time_minutes": 0.07099001407623291,
    "parameter_count": 7668608,
    "parameters_millions": 7.668608,
    "test_steps": 100
  },
  "mlp_256d": {
    "val_loss": 7.14078934987386,
    "val_accuracy": 0.09130859375,
    "val_perplexity": 1262.4244905226678,
    "model_name": "mlp_256d",
    "training_time_minutes": 0.07598063548405966,
    "parameter_count": 15730432,
    "parameters_millions": 15.730432,
    "test_steps": 100
  },
  "mlp_512d": {
    "val_loss": 6.6006089846293134,
    "val_accuracy": 0.11930338541666667,
    "val_perplexity": 735.5429872505164,
    "model_name": "mlp_512d",
    "training_time_minutes": 0.09357321659723918,
    "parameter_count": 33033728,
    "parameters_millions": 33.033728,
    "test_steps": 100
  },
  "mlp_1024d": {
    "val_loss": 7.054670492808024,
    "val_accuracy": 0.08732096354166667,
    "val_perplexity": 1158.255754792471,
    "model_name": "mlp_1024d",
    "training_time_minutes": 0.1434856414794922,
    "parameter_count": 72358912,
    "parameters_millions": 72.358912,
    "test_steps": 100
  },
  "mlp_2048d": {
    "val_loss": 7.188699404398601,
    "val_accuracy": 0.067626953125,
    "val_perplexity": 1324.379602709137,
    "model_name": "mlp_2048d",
    "training_time_minutes": 0.26455297470092776,
    "parameter_count": 169883648,
    "parameters_millions": 169.883648,
    "test_steps": 100
  },
  "attention_mlp_128d": {
    "val_loss": 8.295247395833334,
    "val_accuracy": 0.076904296875,
    "val_perplexity": 4004.7938933087003,
    "model_name": "attention_mlp_128d",
    "training_time_minutes": 0.07723681926727295,
    "parameter_count": 7732064,
    "parameters_millions": 7.732064,
    "test_steps": 100
  },
  "attention_mlp_256d": {
    "val_loss": 7.187383810679118,
    "val_accuracy": 0.0888671875,
    "val_perplexity": 1322.6384028285531,
    "model_name": "attention_mlp_256d",
    "training_time_minutes": 0.08313272794087728,
    "parameter_count": 15585472,
    "parameters_millions": 15.585472,
    "test_steps": 100
  },
  "attention_mlp_512d": {
    "val_loss": 6.699934641520183,
    "val_accuracy": 0.12540690104166666,
    "val_perplexity": 812.3527292929671,
    "model_name": "attention_mlp_512d",
    "training_time_minutes": 0.09594041109085083,
    "parameter_count": 31660928,
    "parameters_millions": 31.660928,
    "test_steps": 100
  },
  "attention_mlp_1024d": {
    "val_loss": 7.018149375915527,
    "val_accuracy": 0.08536783854166667,
    "val_perplexity": 1116.7180789205477,
    "model_name": "attention_mlp_1024d",
    "training_time_minutes": 0.13182168006896972,
    "parameter_count": 65286400,
    "parameters_millions": 65.2864,
    "test_steps": 100
  },
  "attention_mlp_2048d": {
    "val_loss": 6.885731061299642,
    "val_accuracy": 0.041422526041666664,
    "val_perplexity": 978.2165446266581,
    "model_name": "attention_mlp_2048d",
    "training_time_minutes": 0.22080730199813842,
    "parameter_count": 138435584,
    "parameters_millions": 138.435584,
    "test_steps": 100
  },
  "attention_moe_8e_2k_256d": {
    "val_loss": 6.932830969492595,
    "val_accuracy": 0.145751953125,
    "val_perplexity": 1025.392730086398,
    "model_name": "attention_moe_8e_2k_256d",
    "training_time_minutes": 0.11309722661972046,
    "parameter_count": 114729664,
    "parameters_millions": 114.729664,
    "test_steps": 100
  },
  "attention_moe_8e_2k_512d": {
    "val_loss": 5.704490343729655,
    "val_accuracy": 0.21053059895833334,
    "val_perplexity": 300.2124359015681,
    "model_name": "attention_moe_8e_2k_512d",
    "training_time_minutes": 0.15248122612635295,
    "parameter_count": 231522176,
    "parameters_millions": 231.522176,
    "test_steps": 100
  },
  "attention_moe_8e_2k_1024d": {
    "val_loss": 4.641966025034587,
    "val_accuracy": 0.2657063802083333,
    "val_perplexity": 103.7481186066508,
    "model_name": "attention_moe_8e_2k_1024d",
    "training_time_minutes": 0.24037555853525797,
    "parameter_count": 471300352,