{
  "pure_baseline": {
    "val_loss": 6.662741756439209,
    "val_accuracy": 0.15714111328125,
    "val_perplexity": 782.6939541577116,
    "training_time_minutes": 0.4483642379442851,
    "avg_step_time_ms": 213.94972562789917,
    "avg_forward_time_ms": 213.94972562789917,
    "peak_step_memory_gb": 3.345901568,
    "avg_step_memory_gb": 3.1854268518399995,
    "initial_memory_gb": 0.0,
    "peak_memory_gb": 15.96845312,
    "final_memory_gb": 0.552727552,
    "memory_used_gb": 15.96845312,
    "experiment_name": "pure_baseline",
    "uses_deepseek": false,
    "parameter_count": 132151808,
    "parameters_millions": 132.151808,
    "flops_per_forward_gflops": 515.39607552,
    "enhanced_batch_size": 32
  },
  "lora": {
    "val_loss": 6.620091199874878,
    "val_accuracy": 0.162335205078125,
    "val_perplexity": 750.0134951298022,
    "training_time_minutes": 0.49157038927078245,
    "avg_step_time_ms": 234.17089939117432,
    "avg_forward_time_ms": 234.17089939117432,
    "peak_step_memory_gb": 3.292061696,
    "avg_step_memory_gb": 3.1382662860799995,
    "initial_memory_gb": 0.01703936,
    "peak_memory_gb": 18.798853632,
    "final_memory_gb": 0.533072896,
    "memory_used_gb": 18.781814272000002,
    "experiment_name": "lora",
    "uses_deepseek": true,
    "parameter_count": 128810624,
    "parameters_millions": 128.810624,
    "flops_per_forward_gflops": 515.39607552,
    "enhanced_batch_size": 32
  },
  "enhanced": {
    "val_loss": 6.663195562362671,
    "val_accuracy": 0.158984375,
    "val_perplexity": 783.0492259164838,
    "training_time_minutes": 0.49426408608754474,
    "avg_step_time_ms": 233.03894519805908,
    "avg_forward_time_ms": 233.03894519805908,
    "peak_step_memory_gb": 3.311035392,
    "avg_step_memory_gb": 3.1533164339200006,
    "initial_memory_gb": 0.01703936,
    "peak_memory_gb": 18.915179008,
    "final_memory_gb": 0.539910144,
    "memory_used_gb": 18.898139648,
    "experiment_name": "enhanced",
    "uses_deepseek": true,
    "parameter_count": 129798272,
    "parameters_millions": 129.798272,
    "flops_per_forward_gflops": 515.39607552,
    "enhanced_batch_size": 32
  }
}