{
  "pure_baseline": {
    "val_loss": 3.4556276321411135,
    "val_accuracy": 0.3698974609375,
    "val_perplexity": 31.678164678539073,
    "training_time_minutes": 3.5731179197629293,
    "avg_step_time_ms": 199.7896544933319,
    "avg_forward_time_ms": 199.7896544933319,
    "peak_step_memory_gb": 3.350785024,
    "avg_step_memory_gb": 3.202022434816,
    "initial_memory_gb": 0.0,
    "peak_memory_gb": 15.97519616,
    "final_memory_gb": 0.552727552,
    "memory_used_gb": 15.97519616,
    "experiment_name": "pure_baseline",
    "uses_deepseek": false,
    "parameter_count": 132151808,
    "parameters_millions": 132.151808,
    "flops_per_forward_gflops": 515.39607552,
    "enhanced_batch_size": 32,
    "total_training_time_seconds": 215.89166283607483,
    "total_training_time_minutes": 3.5981943806012473
  },
  "lora": {
    "val_loss": 3.4556849718093874,
    "val_accuracy": 0.371160888671875,
    "val_perplexity": 31.679981146070592,
    "training_time_minutes": 4.082585895061493,
    "avg_step_time_ms": 228.41121220588684,
    "avg_forward_time_ms": 228.41121220588684,
    "peak_step_memory_gb": 3.294724096,
    "avg_step_memory_gb": 3.1545865052160007,
    "initial_memory_gb": 0.01703936,
    "peak_memory_gb": 18.799848448,
    "final_memory_gb": 0.533072896,
    "memory_used_gb": 18.782809088,
    "experiment_name": "lora",
    "uses_deepseek": true,
    "parameter_count": 128810624,
    "parameters_millions": 128.810624,
    "flops_per_forward_gflops": 515.39607552,
    "enhanced_batch_size": 32,
    "total_training_time_seconds": 246.46503615379333,
    "total_training_time_minutes": 4.107750602563223
  },
  "enhanced": {
    "val_loss": 3.3801589012145996,
    "val_accuracy": 0.38394775390625,
    "val_perplexity": 29.375438535312757,
    "training_time_minutes": 4.103563940525055,
    "avg_step_time_ms": 228.84823155403137,
    "avg_forward_time_ms": 228.84823155403137,
    "peak_step_memory_gb": 3.313042432,
    "avg_step_memory_gb": 3.170488226816,
    "initial_memory_gb": 0.01703936,
    "peak_memory_gb": 18.921581056,
    "final_memory_gb": 0.539910144,
    "memory_used_gb": 18.904541696000003,
    "experiment_name": "enhanced",
    "uses_deepseek": true,
    "parameter_count": 129798272,
    "parameters_millions": 129.798272,
    "flops_per_forward_gflops": 515.39607552,
    "enhanced_batch_size": 32,
    "total_training_time_seconds": 247.74597692489624,
    "total_training_time_minutes": 4.129099615414938
  }
}